StartDate,EndDate,Status,Progress,Duration (in seconds),Finished,RecordedDate,ResponseId,DistributionChannel,UserLanguage,Q2,Q3,Q4,Q5_1,Q5_2,Q5_3,Q6
Start Date,End Date,Response Type,Progress,Duration (in seconds),Finished,Recorded Date,Response ID,Distribution Channel,User Language,What is your organization name and project title?,Please provide your name.,Please provide your email address.,How would you rate the project team in the following categories? - Communication,How would you rate the project team in the following categories? - Progress,How would you rate the project team in the following categories? - Quality of Work,Please share any additional comments or feedback regarding the project team's performance on your most recent interaction.
"{""ImportId"":""startDate"",""timeZone"":""America/Denver""}","{""ImportId"":""endDate"",""timeZone"":""America/Denver""}","{""ImportId"":""status""}","{""ImportId"":""progress""}","{""ImportId"":""duration""}","{""ImportId"":""finished""}","{""ImportId"":""recordedDate"",""timeZone"":""America/Denver""}","{""ImportId"":""_recordId""}","{""ImportId"":""distributionChannel""}","{""ImportId"":""userLanguage""}","{""ImportId"":""QID2022_TEXT""}","{""ImportId"":""QID34_TEXT""}","{""ImportId"":""QID2013_TEXT""}","{""ImportId"":""QID2020_1""}","{""ImportId"":""QID2020_2""}","{""ImportId"":""QID2020_3""}","{""ImportId"":""QID2015_TEXT""}"
2025-04-17 13:21:54,2025-04-17 13:21:54,2,100,0,1,2025-04-17 13:21:54,R_3laY9MwtRUlPfbE,test,,Neque dui potenti. Sodales? Neque cursus luctus ultricies eget lacus sapien curabitur metus ultrices ante.,"Blandit urna per facilisis velit leo eu proin, enim. Augue maecenas eros diam magnis.",Erat potenti tortor. Luctus duis arcu commodo blandit praesent. Gravida.,10,4,4,Sagittis euismod? Consequat vestibulum eu. Magna placerat ligula vestibulum fermentum phasellus natoque felis ipsum sagittis.
2025-04-17 13:21:54,2025-04-17 13:21:54,2,100,0,1,2025-04-17 13:21:55,R_1QSBjnT6rqbQ2F0,test,,Eu morbi vivamus consequat! Nulla viverra ligula? Purus ut vestibulum imperdiet neque augue! Aenean vivamus.,"Ultrices quis quis luctus auctor accumsan platea aenean. Eleifend purus maecenas viverra, sit suscipit vulputate.",Ultricies cras metus velit. Auctor velit blandit luctus vitae est molestie? Urna.,9,4,7,Sed dignissim tempus aliquet atque? Eros. Rhoncus! Vel praesent. Commodo interdum proin fringilla lacus.
2025-04-17 13:21:55,2025-04-17 13:21:55,2,100,0,1,2025-04-17 13:21:55,R_4TQHDV0NjLlY2b4,test,,"Egestas ligula tincidunt imperdiet ab eget platea ultricies per, rutrum.",Vel sagittis ligula! Pretium elit sapien ridiculus odio massa! Primis tempora eleifend facilisis facilisi augue.,"Praesent metus aliquet risus rhoncus lacus sit accumsan, diam scelerisque sem elit tortor per.",4,10,4,"Eleifend, faucibus pretium viverra consequat culpa? Aliquet elementum. A sodales lacus turpis."
2025-04-17 13:21:55,2025-04-17 13:21:55,2,100,0,1,2025-04-17 13:21:56,R_a3rq96m1teJWldc,test,,"Iaculis per dolorem cras dolor lacus suscipit. Fringilla sit, euismod lectus. Vitae scelerisque.",Viverra wisi consequat lorem felis justo integer ut aliquam accusamus arcu.,"Viverra. Dapibus sollicitudin platea nullam, magnis ullamcorper sapien tellus ultrices vehicula? Amet, ultrices.",4,10,4,"Vehicula id molestie. Volutpat aenean ac, fringilla fusce a ante at. Maecenas, faucibus vulputate. Dolorem."
2025-04-17 13:21:56,2025-04-17 13:21:56,2,100,0,1,2025-04-17 13:21:56,R_3xjdhDXnPGMSi7Y,test,,"Volutpat! Nullam mattis imperdiet vitae. Purus? Ut luctus lectus, ac, massa.",Dignissim vestibulum dignissim vel molestie viverra sollicitudin culpa molestie egestas dui neque.,Pellentesque per lectus aenean? Imperdiet? Suscipit amet consectetuer ipsum diam non auctor potenti tempor.,9,8,9,Suscipit. Culpa rhoncus vestibulum vel cras phasellus venenatis porta aenean facilisis per.
2025-04-17 13:21:56,2025-04-17 13:21:56,2,100,0,1,2025-04-17 13:21:56,R_03oP9wYAPqiNr4a,test,,Rutrum egestas. Tempora fermentum placerat eros aliquam porttitor pretium. Quis aliquet! Risus mi orci tellus.,Facilisis accumsan. Ante vestibulum. Tellus elit wisi sodales quis culpa. Posuere! Etiam. Quam. Platea.,"Tempus urna suspendisse. Convallis phasellus, primis eros, faucibus in. Atque pretium velit praesent placerat.",8,10,10,Temporibus integer laoreet urna! Accumsan tempus platea ullamcorper suspendisse a volutpat.
2025-04-17 13:21:56,2025-04-17 13:21:56,2,100,0,1,2025-04-17 13:21:56,R_aarX6ZKS0pkI1fw,test,,Interdum elit blandit pede pharetra elit nonummy felis accusamus eu tortor aliquet.,"Ultricies quis mattis orci, justo vivamus mi sem etiam aenean.",Velit proin sollicitudin in bibendum ac! Felis rhoncus ut interdum a? Mattis.,8,9,10,Quis rhoncus ultrices! Natoque sapien maecenas rhoncus? Arcu vehicula placerat faucibus quis.
2025-04-17 13:21:56,2025-04-17 13:21:56,2,100,0,1,2025-04-17 13:21:56,R_6GwFTYawaV5dHr8,test,,"Convallis posuere! Faucibus duis cras orci at pharetra, potenti cursus euismod integer.",Duis posuere ante lorem dolor? Platea morbi non diam nibh vivamus nunc eros.,"Et purus diam aenean vestibulum tellus, mauris nulla rhoncus! Urna quis augue nullam.",8,7,7,"Ultrices. Culpa volutpat tempus sodales accusamus facilisi! Orci vestibulum, wisi."
2025-04-17 13:21:56,2025-04-17 13:21:56,2,100,0,1,2025-04-17 13:21:56,R_2bGSwTzuwQOGckK,test,,Curabitur? Sapien purus vulputate? Metus commodo neque et lectus arcu pretium! Mauris orci.,Urna lorem ante accusamus potenti praesent volutpat aliquam mauris? Bibendum maecenas! Ligula ultrices nonummy.,Lectus integer gravida facilisi suscipit tortor scelerisque faucibus integer suscipit.,8,8,9,Fermentum sollicitudin egestas neque scelerisque consectetuer fermentum luctus? Aenean sagittis scelerisque posuere.
2025-04-17 13:21:56,2025-04-17 13:21:57,2,100,1,1,2025-04-17 13:21:57,R_54LWKxhIvUGORN4,test,,Suspendisse phasellus felis nulla curabitur pede viverra leo facilisis porttitor vivamus dapibus. Amet.,Egestas. Enim suspendisse porttitor ab vulputate integer? Natoque platea maecenas mi.,"Pretium potenti. Pellentesque neque rutrum fringilla pede ridiculus rhoncus, commodo primis consequat.",8,9,7,Auctor viverra risus. Aenean culpa cras justo ab non sit pellentesque. Culpa phasellus.
2025-04-17 13:21:57,2025-04-17 13:21:57,2,100,0,1,2025-04-17 13:21:57,R_3pHM9cJAH2xlnlI,test,,"Viverra leo fermentum mi velit! Egestas temporibus, laoreet! Placerat consequat curabitur pede nulla id bibendum.",Risus sit fermentum facilisis tortor tempora risus placerat lorem et? Scelerisque. Et.,Nonummy ipsum tellus primis dignissim? Etiam volutpat. Mi consectetuer accumsan eros.,8,9,4,Tempora magnis potenti. Consequat risus sagittis vivamus faucibus eleifend tellus.
2025-04-17 13:21:57,2025-04-17 13:21:57,2,100,0,1,2025-04-17 13:21:57,R_4TujdAsR4XzjBtQ,test,,A sem elit purus scelerisque auctor tempora morbi ab sem metus ullamcorper phasellus sollicitudin urna.,Nulla aliquam duis leo venenatis egestas sagittis turpis integer ridiculus faucibus elementum.,Malesuada facilisi urna non nec volutpat lectus curabitur culpa dui blandit sit.,7,8,7,"Sem. Enim rutrum nulla odio dapibus urna aenean praesent vitae rhoncus, lorem. Ipsum."
2025-04-17 13:21:57,2025-04-17 13:21:57,2,100,0,1,2025-04-17 13:21:57,R_1UnjnomSlKedbTg,test,,"Molestie ac pharetra? Tortor. Lectus porttitor justo auctor, cras porta venenatis massa.",Felis sit sagittis at ullamcorper suscipit vehicula urna et aliquet suscipit.,"Molestie vivamus ab, curabitur neque dui posuere proin suspendisse elementum tellus augue, proin.",8,7,10,"Integer aliquam? Phasellus dapibus platea id a a scelerisque platea tempus facilisi pharetra euismod, scelerisque."
2025-04-17 13:21:57,2025-04-17 13:21:57,2,100,0,1,2025-04-17 13:21:57,R_byl1eme4xy8wmI6,test,,"Pellentesque tellus dapibus. Sodales porttitor, non sodales tortor arcu euismod pede quis mattis.","Ac eleifend faucibus pellentesque non integer luctus bibendum cursus vestibulum mi ab, donec urna.",Sem suspendisse purus? Tempora aenean magna est. Fusce maecenas tincidunt est consequat.,9,10,8,Elit dolor nullam ultrices turpis tempor? Facilisi? Convallis ab. Mi.
2025-04-17 13:21:57,2025-04-17 13:21:57,2,100,0,1,2025-04-17 13:21:57,R_bknyg0xdWjsUgnk,test,,Porttitor accusamus ac vel eleifend diam cursus sapien dolor duis orci mi praesent blandit.,Nullam fusce mattis eu nullam? Porttitor! Mi vulputate at ultrices fermentum elit.,"Proin etiam nibh natoque, nullam. Platea ullamcorper consectetuer praesent. Consectetuer. Proin. Felis culpa nec.",10,7,8,Viverra ut? Accusamus. At ut odio pharetra vivamus nunc enim tellus.
2025-04-17 13:21:57,2025-04-17 13:21:57,2,100,0,1,2025-04-17 13:21:58,R_2nHDIlYJmY7RurY,test,,Facilisi sed elit? Elementum nulla orci ridiculus vel. Montes diam. Vivamus platea blandit.,Luctus. Nulla porttitor eu purus dolorem euismod eu laoreet leo? Dictumst augue.,"Nulla posuere eu sagittis risus eget, facilisis ab. Ab justo, mi a lectus viverra porta.",7,4,10,"Venenatis ultricies eleifend neque ut, sollicitudin justo ligula tincidunt volutpat mi."
2025-04-17 13:21:58,2025-04-17 13:21:58,2,100,0,1,2025-04-17 13:21:58,R_5bVzhKp4o5m4bUG,test,,Vel donec posuere montes placerat dignissim. Natoque accumsan ridiculus vitae.,Est magna facilisis mauris sapien natoque orci tincidunt ultricies? Nulla? Pharetra egestas? Bibendum.,Etiam non suspendisse accusamus malesuada dignissim sagittis ullamcorper turpis! Aliquam quam vel! Accumsan. Natoque nonummy.,9,7,4,"Diam! Dolorem, sapien suscipit lectus vestibulum. Sollicitudin pharetra fermentum atque vivamus."
2025-04-17 13:21:58,2025-04-17 13:21:58,2,100,0,1,2025-04-17 13:21:58,R_3ZZIFWqZ1SBkhYa,test,,"Malesuada elit iaculis morbi aenean velit, gravida cras fusce culpa quis wisi! Eleifend praesent atque.",Dapibus rhoncus. Volutpat mi justo mattis. Maecenas aliquam erat. Vitae massa.,Ut. Vivamus suspendisse ante mauris ultrices augue porttitor felis dictumst.,9,7,7,"Convallis urna etiam aliquam risus porta donec aenean maecenas, diam faucibus."
2025-04-17 13:21:58,2025-04-17 13:21:58,2,100,0,1,2025-04-17 13:21:58,R_0I2lqPvnNS8jm9o,test,,"Sollicitudin bibendum lorem nonummy aenean ut pretium. Platea. Purus aliquet, sollicitudin.",Volutpat elementum porta interdum etiam sagittis arcu accumsan sagittis viverra commodo.,Dictumst risus. Luctus suscipit temporibus ante suspendisse et a massa laoreet tempor vestibulum mi.,8,10,8,Porttitor dui posuere wisi consequat pharetra. Luctus praesent ridiculus. Leo massa atque convallis maecenas nullam.
2025-04-17 13:21:58,2025-04-17 13:21:58,2,100,0,1,2025-04-17 13:21:58,R_agUoyCAs64f0GVw,test,,"Lorem nec fringilla tincidunt. Euismod, accusamus risus tortor etiam. Natoque eros? Aenean. Justo porta per.",Elit culpa sollicitudin imperdiet tellus purus consequat per est dui rhoncus.,Quam enim accumsan arcu! Amet porta porttitor turpis? Mi! Primis posuere posuere vel.,8,4,7,"Dapibus tempus. Purus risus augue. Suspendisse aliquet, molestie! Et iaculis."
